year,duration_sec,duration_min,danceability,energy,tempo,acousticness,loudness,valence,track_count,duration_sec_ma5,duration_sec_ma10,danceability_ma5,acousticness_ma5,duration_yoy_pct
1926,169.1960126002291,2.8199335433371515,0.5585498281786941,0.2392776288659794,108.49014089347078,0.7406537514318442,-16.407061855670104,0.4963829438717068,873,169.1960126002291,169.1960126002291,0.5585498281786941,0.7406537514318442,
1927,185.16319966442956,3.0860533277404922,0.6499597315436241,0.2561587248322148,114.61146476510068,0.9346063229194631,-14.726812080536913,0.6606590604026845,596,177.17960613232933,177.17960613232933,0.604254779861159,0.8376300371756537,9.437094183730688
1928,217.4983119188504,3.624971865314173,0.5296956889264581,0.20714274725274726,106.19524598478444,0.9461880059171597,-17.316192730346575,0.49295359256128485,1183,190.61917472783634,190.61917472783634,0.5794017495495921,0.8738160267561557,17.46303386041157
1929,168.59624918743228,2.8099374864572044,0.647601516793066,0.24063423618634885,111.39170205850488,0.5907119284940412,-16.606963163596966,0.6388625135427953,923,185.11344334273534,185.11344334273534,0.5964516913604606,0.803040002190627,-22.483881506934956
1930,195.02197848869278,3.2503663081448795,0.5104927744070601,0.32735937672366244,110.23107446221732,0.9434545722559293,-12.683740209597351,0.6187643132928847,1813,187.09515037192682,187.09515037192682,0.5792599079697804,0.8311229162036875,15.673972243523892
1931,180.3447853736089,3.0057464228934814,0.5568858505564388,0.2585416581875994,108.08757392686805,0.8753379968203497,-15.865232114467409,0.5708395866454691,629,189.32490492660276,185.97008953887382,0.5789271124453295,0.8580597652813886,-7.525917452393638
1932,187.39623430962342,3.1232705718270575,0.5610878661087866,0.30584142259414226,116.31734728033473,0.9399769874476986,-13.237328451882846,0.5947690376569038,478,189.77151185564153,186.17382450612376,0.561152739358362,0.8591338981870356,3.9099821607852414
1933,186.9353629032258,3.1155893817204303,0.6036769354838709,0.2868085483870968,115.1226435483871,0.9048012180645161,-12.767583870967742,0.6360958064516129,620,183.65892205251663,186.26901680576154,0.5759489886698445,0.8508565406165071,-0.2459341875761245
1934,188.52473731884058,3.14207895531401,0.530625,0.2577913043478261,116.22696557971014,0.8960341260869564,-14.917798913043478,0.5648012681159421,552,187.64461967879828,186.51965241832588,0.5525536853112312,0.91192098013509,0.8502267259285601
1935,218.69654399486188,3.644942399914365,0.5543175337186897,0.24484519588953116,110.71584778420039,0.7809639563262685,-15.493178548490688,0.5432557482337829,1557,192.3795327800321,189.73734157597946,0.5613186371735572,0.879422856949158,16.004163222884404
1936,242.04508429118775,4.034084738186462,0.5345613984674329,0.30597171475095786,110.21000766283525,0.795426521072797,-13.789825670498084,0.5542587164750958,1044,204.7195925635479,197.02224874507533,0.5568537467557559,0.8634405617996472,10.676227374162073
1937,201.67682939189189,3.361280489864865,0.5578180743243243,0.2875975168918919,114.49480067567569,0.8993749999999999,-13.381052364864864,0.5949635135135135,592,207.5757115800016,198.67361171782156,0.5561997883988635,0.8553201643101076,-16.677989977574427
1938,244.7014569892473,4.078357616487455,0.4897822580645161,0.2798910394265233,112.56181362007167,0.9207578487455197,-13.962646953405018,0.5265446953405017,558,219.1289303972059,201.39392622486125,0.5334208529149926,0.8585114904463083,21.3334510102553
1939,207.87585321100917,3.4645975535168194,0.5109997961264017,0.29587329255861367,113.90439449541284,0.8844465586136595,-13.748091743119266,0.5604007135575944,981,222.99915357563958,205.32188662721896,0.529495812140273,0.8561939769516489,-15.049196776893869
1940,182.20023597194387,3.036670599532398,0.5217363226452906,0.3101204108216433,108.29811422845691,0.8468833166332664,-13.706504008016033,0.6165052304609218,1996,215.69989197105596,204.03971237554407,0.5229795699255931,0.8693778490130484,-12.351418811978455
1941,200.2027044745057,3.3367117412417624,0.48103964620187306,0.26114346514047865,107.62476586888657,0.8999398022892819,-15.915381893860562,0.48094890738813734,961,207.3314160077196,206.02550428563373,0.5122752194724811,0.8902805052563455,9.880595602156061
1942,219.08808353658537,3.6514680589430895,0.4657348780487805,0.2578049207317073,106.2454237804878,0.8503979335365853,-15.01590731707317,0.47411439024390245,1640,210.81366683665829,209.19468920832992,0.49385858021737244,0.8804850919636624,9.433128843913586
1943,195.2462463768116,3.254104106280193,0.466172463768116,0.2743019806763285,106.166307568438,0.9160521739130434,-13.585834138486312,0.516541384863124,621,200.92262471417115,210.0257775556885,0.4891366213580923,0.8795439569971674,-10.882306684558884
1944,236.83288612565445,3.9472147687609076,0.507713612565445,0.2605150130890052,107.26129842931937,0.8934234362565445,-14.48619502617801,0.5492448952879582,764,206.7140312971002,214.8565924363699,0.48847938464590096,0.8813393325257444,21.299584765682788
1945,188.99158823529413,3.1498598039215686,0.5219470081135903,0.22746191734279916,108.20466835699797,0.6983963569979715,-16.987849898580123,0.49304868154158216,1972,208.07230174977025,211.88609686041315,0.488521521739561,0.8516419405986854,-20.20044541659538
1946,238.3314045174538,3.972190075290897,0.40590848733744006,0.2037618480492813,102.84287816563997,0.9250890075290896,-17.69658042436687,0.376970636550308,1461,215.6980417583599,211.51472888303974,0.47349528996667434,0.8566717816466468,26.106884831684507
1947,232.09392625556262,3.8682321042593766,0.4732837889383344,0.2582447298156389,109.47002415766052,0.9157922994278449,-14.59385505403687,0.5073893197711379,1573,218.29921030215533,214.5564385694068,0.47500507214458515,0.8697506548248988,-2.6171449266285784
1948,208.6399782962561,3.4773329716042687,0.44244975583288115,0.24995976668475314,107.43446337493216,0.9361174715138362,-15.260389039609333,0.4480594139989148,1843,220.97795668604422,210.9502907001077,0.4702605305575382,0.8737637143450574,-10.1053691226202
1949,222.73339577039275,3.7122232628398795,0.4426450654582075,0.2450982527693857,108.96497029204431,0.9091643454179255,-15.549623363544814,0.43018680765357503,1986,218.1580586149919,212.43604495604603,0.4572468211360906,0.8769118961773336,6.754897881615407
1950,208.1992553083923,3.469987588473205,0.4910994944388271,0.32573639534883725,112.07426137512638,0.8662148236602629,-13.456807381193125,0.5539294742163802,1978,221.99959202961153,215.03594688969088,0.45107731840113807,0.9104755895097918,-6.525353062449213
1951,213.17854298642533,3.5529757164404225,0.4599096028154852,0.25053705882352945,109.19510759175465,0.9048766170437406,-15.926742584213173,0.4327847159376571,1989,216.96901972340584,216.33353074088285,0.46187754149674703,0.9064331114127219,2.3915972565115684
1952,218.39941021750127,3.639990170291688,0.4633566514921598,0.2510205918057663,107.77761709661102,0.8621526737481032,-16.03887708649469,0.43820931922104195,1977,214.23011651579355,216.2646634089744,0.4598921140075121,0.8957051862767736,2.4490585018251076
1953,215.37773886010365,3.589628981001727,0.43595492227979277,0.26499162694300515,109.21294559585492,0.8921548310880829,-15.501839896373056,0.4223866321243523,1930,215.57766862856306,218.27781265730363,0.45859314729689443,0.886912658191623,-1.3835528925597251
1954,220.92737884130983,3.6821229806884967,0.46691244332493703,0.2594979445843829,108.73294105793451,0.867431810881612,-15.57013047858942,0.44589042821158686,1985,215.21646524274647,216.68726192886916,0.4634466228702404,0.8785661512843603,2.5767008283111847
1955,219.84537292400603,3.6640895487334344,0.4903471061902365,0.28733638147961754,110.56785405133367,0.8447554473628586,-14.346535480624055,0.47244443885254156,1987,217.54568876586922,219.77264039774036,0.46329614522052226,0.8742742760248795,-0.48975637287625995
1956,213.5122273410115,3.558537122350192,0.4848011517275914,0.30640568352528796,111.8105403104657,0.8199417526289434,-14.127600400600901,0.5063610415623435,1997,217.61242563678647,217.29072268009614,0.4682744550029435,0.8572873031419199,-2.8807272578730614
1957,240.64715707853927,4.010785951308988,0.5075116058029014,0.296771935967984,112.30761730865433,0.7900054527263632,-14.161662831415708,0.5144500750375188,1999,222.06197500899407,218.1460457623938,0.47710544586509174,0.8428578589375719,12.708841116714664
1958,212.955166,3.5492527666666667,0.4815849,0.311422635,112.86902400000001,0.7778312150000001,-14.278112499999999,0.4953149,2000,221.57746043697335,218.5775645327682,0.4862314414091332,0.8199931357199555,-11.50730032081847
1959,215.90159779889945,3.5983599633149908,0.4889455227613807,0.31666902451225615,112.5041935967984,0.7770730565282642,-14.326746873436718,0.48763781890945473,1999,220.57230422849125,217.89438473561887,0.49063805729642207,0.8019213848492859,1.3835925440284669
1960,208.18073182957394,3.4696788638262324,0.4879414035087719,0.34766979448621554,113.00415137844612,0.7567067398496241,-13.763013533834586,0.5289734335839599,1995,218.23937600960485,217.89253238773705,0.4901569167601291,0.784311643346639,-3.5761041363469026
1961,228.43220991983966,3.807203498663995,0.48938286573146295,0.34299576553106215,112.2823241482966,0.751571868737475,-14.166529559118237,0.5184654809619238,1996,221.22337252537045,219.41789908107847,0.49107325956090336,0.7706376665683453,9.72783499812293
1962,208.7562157157157,3.4792702619285953,0.499417017017017,0.3798013013013013,114.9340870870871,0.7130227892892893,-13.049115615615616,0.5606982482482483,1998,214.84518425280575,218.45357963089992,0.4894543418037265,0.7552411338809305,-8.613493784886362
1963,200.2971395,3.338285658333333,0.48633139999999997,0.373388235,114.546598,0.712598155,-13.602048,0.5498992500000001,2000,212.31357895280576,216.94551969488953,0.4904036418037265,0.7421945218809305,-4.0521314235908985
1964,191.61073657802308,3.1935122763003845,0.5074335674862017,0.39801592072252884,115.12332915203211,0.6858274581033618,-13.013276969392875,0.5688040140491721,1993,207.45540670863048,214.01385546856085,0.4941012507486907,0.7239454021959502,-4.336758349949832
1965,190.98515715715715,3.1830859526192863,0.504916016016016,0.44584750050050054,117.62693943943944,0.6077219779779779,-12.105416916916917,0.579332932932933,1998,204.0162917741471,211.12783389187598,0.4974961732501395,0.6941484498216207,-0.32648453423756996
1966,194.6496991991992,3.2441616533199866,0.5036382382382382,0.4727957007007007,116.33354004004003,0.5334280845545545,-11.747213213213213,0.5853116616616617,1998,197.25978963001904,209.24158107769472,0.5003472477514945,0.6505196929850368,1.9187575079599561
1967,201.09745222611303,3.351624203768551,0.4985145072536268,0.4522334617308654,117.57435767883942,0.5163707530665332,-11.638747873936968,0.5581087043521761,1999,195.7280369320985,205.2866105924521,0.5001667457988166,0.6111892857404855,3.312490619528452
1968,216.18046823411706,3.6030078039019506,0.5004840920460231,0.4566440670335168,116.48063231615808,0.48858150410205103,-12.180284142071034,0.5670097548774388,1999,198.90470267892192,205.60914081586384,0.5029972842080211,0.5663859555608957,7.500351616113332
1969,237.91719076305222,3.965286512717537,0.49120486947791164,0.48940043172690767,116.98009036144578,0.44374612153614457,-12.072819779116466,0.5573860943775101,1992,208.1659935159277,207.8107001122791,0.4997515446063631,0.5179696882474522,10.054896590100327
1970,238.93805466399198,3.982300911066533,0.5098004012036108,0.4972318455366099,117.28717552657974,0.45293454759277835,-11.869680541624875,0.5759978435305918,1994,217.7565730172947,210.88643239572087,0.5007284216438821,0.4870122021704123,0.4290837066735831
1971,256.3414178804621,4.272356964674367,0.504884329482672,0.5003233098945253,118.26738171772978,0.4531813155700653,-12.055129080863887,0.575258814665997,1991,230.0949167535473,213.67735319178314,0.5009776398927688,0.4709628483735145,7.283629742840114
1972,243.54739789262416,4.0591232982104035,0.5214651279478173,0.5068523833416959,119.23522579026593,0.4580489394882087,-11.770186151530357,0.5981384846964375,1993,238.5849058868495,217.156471409474,0.505567764031607,0.4592984856578496,-4.991007732431307
1973,253.85359478435305,4.230893246405884,0.5141834503510532,0.5354453761283852,120.47185656970913,0.4122041374122367,-11.308618355065194,0.588611183550652,1994,246.1195311968967,222.5121169379093,0.508307635692613,0.4440230123198868,4.231700679583006
1974,248.07921015585723,4.1346535025976205,0.5216251885369533,0.5215881498240322,119.91214077425842,0.4382366047259929,-11.73651282051282,0.5900055304172951,1989,248.1519350754577,228.1589642956927,0.5143916995044213,0.44292110895785636,-2.2746909033930063
1975,254.08156906906905,4.234692817817818,0.5240242242242241,0.5351934434434434,119.12229379379379,0.41514015685185185,-11.394147647647648,0.5789898398398399,1998,251.18063795647313,234.46860548688392,0.517236464108544,0.4353622308096711,2.419533224666748
1976,263.49734068136274,4.391622344689379,0.5331984468937876,0.5557458867735471,121.14212074148297,0.3624612212024048,-11.06852254509018,0.5853460420841683,1996,252.61182251665323,241.35336963510025,0.5228992875907671,0.41721821193613895,3.7058066221773656
1977,257.04943043043045,4.284157173840507,0.5372539539539539,0.5644676766766766,122.01742842842843,0.3321183254754755,-11.035755755755755,0.588288938938939,1998,255.3122290242145,246.94856745553201,0.5260570527919943,0.39203208913359233,-2.4470494594970194
1978,252.2053435,4.203422391666667,0.5447832499999999,0.570141965,121.092253,0.31619863111,-10.764040000000001,0.5946582499999999,2000,254.98257876734388,250.5510549821203,0.5321770127217837,0.372830987873145,-1.8844962707441182
1979,251.80104999999998,4.1966841666666665,0.5618162999999999,0.598865365,122.9454195,0.28225500532500003,-10.8373475,0.6112477000000001,2000,255.72694673617244,251.93944090581508,0.5402152350143931,0.34163466799294645,-0.1603033045967206
1980,249.549039559339,4.159150659322317,0.5579734601902854,0.6010627040560841,122.69032548823235,0.2824277569253881,-10.599589384076115,0.6034905358037055,1997,254.82044083422642,253.0005393953498,0.5470050822076054,0.3150921880076537,-0.8943610205997876
1981,249.89931077694234,4.164988512949039,0.5422774436090225,0.6018175614035087,123.45139197994988,0.29176376588471176,-11.023474686716792,0.583910275689223,1995,252.10083485334235,252.35632868499783,0.5488208815506523,0.3009526969441151,0.14036167729671867
1982,249.9057285,4.165095475,0.56573035,0.6000364395000001,121.202016,0.28324909801000003,-10.8133405,0.59246755,2000,250.67209446725627,252.9921617457354,0.5545161607598615,0.29117885145101996,0.0025681235525265578
1983,251.4116325,4.190193875,0.5480333500000001,0.614877525,121.2740695,0.27709465627499996,-10.992583,0.57606155,2000,250.51335226725627,252.7479655173001,0.5551661807598616,0.28335805648402,0.6025888278107239
1984,250.68960930465232,4.1781601550775385,0.5399846923461731,0.6014181790895448,121.94945772886443,0.27089803105052523,-11.369854927463733,0.5671515307653827,1999,250.29106412818675,253.00900543217958,0.5507998592290961,0.281086661629125,-0.28718766437654253
1985,250.13110055027514,4.168851675837919,0.5587338169084541,0.6120015707853926,122.01485992996497,0.2786156055327664,-11.168046023011506,0.5708463731865934,1999,250.40747632637394,252.6139585803002,0.55095193057273,0.2803242313506007,-0.22278895241264474
1986,252.5552951475738,4.20925491912623,0.5446171085542771,0.6218295147573787,120.93253826913457,0.27168072855927966,-10.987176588294146,0.5531854927463732,1999,250.93867320050026,251.51975402692133,0.551419863561781,0.2763076238855143,0.9691696042457565
1987,248.81038219109556,4.146839703184926,0.5431503251625812,0.5879219059529764,120.42624862431215,0.3007387875737869,-11.521573286643322,0.5427317158579289,1999,250.71960393871936,250.6958492029878,0.5469038585942971,0.27980556179827165,-1.4828091227665596
1988,254.93686943471738,4.248947823911956,0.5450612806403202,0.5934696448224112,120.48001700850425,0.3023438369484742,-11.466652326163082,0.5540641370685343,1999,251.42465132566286,250.9690017964596,0.5463094447223612,0.28485539793296644,2.462311737022471
1989,253.7294234234234,4.228823723723724,0.5520544044044043,0.5919728678678678,120.64519569569569,0.2996794606156156,-11.305667667667667,0.5584707207207207,1998,252.03261414941707,251.1618391388019,0.5487233871340074,0.29061168384598457,-0.4736254955869268
1990,258.4343088088088,4.307238480146813,0.5453502002002002,0.5877831831831831,120.02676476476476,0.30376779985485486,-11.102922422422422,0.5342062062062062,1998,253.69325580112383,252.05036606374887,0.5460466637923567,0.29564212271040224,1.8542923882871376
1991,244.29282800000001,4.0715471333333335,0.56122825,0.5660222199999999,119.776355,0.3159683435,-10.835189,0.5542273,2000,252.04076237160902,251.48971778605465,0.5493688920815012,0.3044996456985464,-5.471982754143811
1992,243.97427127127125,4.066237854521188,0.5639407907907907,0.5899552502502502,122.59111311311311,0.30661516648148146,-10.448962462462461,0.5646341841841842,1998,251.07354018764417,250.89657206318174,0.553526985207143,0.30567492148008524,-0.13039954195002146
1993,252.29015857928965,4.204835976321494,0.5746744372186093,0.572197603801901,119.93928214107054,0.29068316330165084,-10.765454227113556,0.5587039019509754,1999,250.54419801655862,250.98442467111073,0.5594496165228009,0.30334278675072057,3.4085099484822745
1994,252.17756649999998,4.202959441666667,0.5593907,0.5906283395,118.4363855,0.288333827905,-10.080787,0.53697305,2000,250.23382663187394,251.1332203906455,0.56091687564192,0.30107366020859744,-0.04462801082836254
1995,248.5559619809905,4.142599366349842,0.5650939969984993,0.5891163731865933,119.20982041020511,0.28509754087043526,-9.862550775387694,0.5376231615807904,1999,248.25815726631026,250.97570653371704,0.5648656350015799,0.29733960841171353,-1.4361327096910848
1996,247.2045067533767,4.120075112556278,0.5917793396698349,0.5916824462231116,117.34486693346673,0.2857907595797899,-9.279707853926963,0.5644574787393697,1999,248.8404930169856,250.44062769429735,0.5709758529355469,0.2913040916276715,-0.5437227161411484
1997,245.39983891945974,4.089997315324329,0.5781330165082541,0.6021183941970986,117.77553076538268,0.3032944747573787,-9.142459729864932,0.5464827913956979,1999,249.1256065466233,250.0995733671338,0.5738142980790395,0.2906399532828509,-0.7300303128038754
1998,248.8372385,4.1472873083333335,0.5928673999999999,0.61484337,118.535518,0.277977634925,-8.822504499999999,0.5454226999999999,2000,248.4350225307654,249.48961027366198,0.5774528906353177,0.2880988476075208,1.4007342448453697
1999,244.88065932966484,4.081344322161081,0.5865074537268634,0.6422767868934468,119.78394247123562,0.26320080839419707,-8.153170585292646,0.5580710355177589,1999,246.97564109669838,248.60473386428617,0.5828762413806903,0.2830722437053602,-1.590026956650692
2000,238.87491675025075,3.9812486125041793,0.590323370110331,0.6231377181544634,118.92731995987964,0.2859013565847543,-8.254778836509528,0.5587520060180541,1994,245.03943205055037,246.64879465843032,0.5879221160030565,0.283233006848224,-2.4525181351006564
2001,241.01154,4.016859,0.5859331499999999,0.6381716860000001,117.9032015,0.27039216723,-8.051444,0.5509531,2000,243.80083869987507,246.32066585843032,0.5867528780690897,0.280153288378266,0.8944527448995876
2002,239.2880060030015,3.9881334333833585,0.5788262631315657,0.65164036018009,119.55280940470234,0.27504963026513257,-7.511826413206603,0.5480932966483242,1999,242.5784721165834,245.85203933160338,0.586891527393752,0.2745043194798168,-0.7151250919348096
2003,243.27115707853926,4.054519284642321,0.5768411705852926,0.6662246623311656,121.01858179089544,0.24750134771885943,-7.359614807403703,0.535163931965983,1999,241.46525583229126,244.95013918152836,0.5836862815108106,0.26840906203858866,1.6645845072100318
2004,237.08957107107108,3.951492851184518,0.5723092092092092,0.6608654254254255,121.71885785785786,0.2636919828228228,-7.347913413413413,0.5308758258258258,1998,239.90703818057256,243.4413396386354,0.5808466326072798,0.2685072969243138,-2.5410270916220834
2005,238.882838,3.981380633333333,0.5763006,0.659766555,122.1156545,0.24681674257,-7.2980135,0.53318355,2000,239.90862243052234,242.47402724053637,0.5780420785852136,0.260690374121363,0.7563668536020751
2006,236.3643485,3.9394058083333334,0.56844475,0.657829535,121.813486,0.26628397903,-7.139478,0.5208878,2000,238.97918413052238,241.3900114151987,0.5745443985852134,0.259868736481363,-1.0542781227339537
2007,242.9517495,4.049195825,0.5648300500000001,0.6730113,123.4701225,0.24180436130000002,-6.9939475,0.51510375,2000,239.7119328299221,241.1452024732527,0.5717451559589004,0.25321968268833644,2.7869689493379646
2008,239.900875,3.9983479166666664,0.5834104999999999,0.6758608923,123.4698405,0.24111812006,-6.803835,0.5312543,2000,239.03787641421422,240.25156612325273,0.5730590218418419,0.2519430371565646,-1.2557532540015681
2009,234.06829944917374,3.901138324152896,0.5674655483224837,0.6811232498748123,123.68305858788182,0.24513926231347022,-6.805729594391587,0.5125625438157236,1997,238.43362208983476,239.17033013520364,0.5720902896644968,0.24823249305469405,-2.431243967253671
2010,239.6633148148148,3.9943885802469135,0.5783097597597597,0.6933947498498498,123.47565315315316,0.22800829135635634,-6.683575575575575,0.5263376076076076,1998,238.58971745279774,239.24916994166006,0.5724921216164487,0.24447080281196532,2.3903345215083194
2011,234.5501281922884,3.9091688032048073,0.5605232348522784,0.6717388482724086,122.45676164246369,0.2393053152028042,-7.146439158738107,0.480195778668002,1997,238.22687339125542,238.6030287608889,0.5709078185869044,0.23907507004652614,-2.1334873993866355
2012,240.8543078078078,4.014238463463464,0.5721092092092093,0.6699072472472473,122.11194494494494,0.23642718363863865,-6.981535035035035,0.47510247247247245,1998,237.80738505281698,238.75965894136954,0.5723636504287463,0.23799963451425388,2.687774960562428
2013,235.82575475475477,3.9304292459125794,0.5794193693693694,0.6570191585085086,120.86770770770771,0.24175034002002002,-7.18166966966967,0.4676925925925926,1998,236.99236100376788,238.01511870899103,0.57156542430262,0.23812607850625786,-2.087798677475028
2014,231.95344599999999,3.865890766666667,0.58957415,0.6534970216,122.58466899999999,0.237614019545,-6.957376,0.464598955,2000,236.56939031393313,237.50150620188393,0.5759871446381234,0.23662102995256387,-1.6420211434420184
2015,224.70884412221648,3.745147402036941,0.5910075608493008,0.6334988267736924,119.69610512687727,0.24680092125323666,-7.134255308130502,0.44394446400828586,1931,233.5784961754135,236.0841068141056,0.5785267048560316,0.24037955593193988,-3.123299956398795
2016,219.40076383951245,3.6566793973252074,0.5999763839512443,0.5928771561706451,119.07034382935501,0.2802897038242763,-7.949912646013205,0.43076902996444894,1969,230.5486233048583,234.38774834805685,0.5864173346758247,0.24857643365623433,-2.362203545409647
2017,209.343613,3.4890602166666667,0.6122864,0.5867385869,116.8402775,0.28991629086,-8.4226975,0.414465275,2000,224.24648434329674,231.02693469805686,0.594452772833983,0.2592742551005066,-4.583917878640142
2018,200.919119,3.3486519833333332,0.6649299999999999,0.59059117,122.004325,0.27194090260000003,-7.253666,0.44714092,2000,217.26515719234575,227.12875909805683,0.6115548989601091,0.2653123676165026,-4.024242191711869
2019,197.733133,3.2955522166666666,0.6442153500000001,0.5787961132499999,118.868163,0.28929754550000003,-8.041738,0.46585561999999997,2000,210.4210945923458,223.49524245313947,0.622483138960109,0.2756490728075026,-1.5857057386360451
2020,197.11466230068336,3.285244371678056,0.6730774487471526,0.6119141913439636,121.22870387243735,0.2473740374259681,-7.204023917995444,0.4827551480637813,1756,204.9022582280392,219.24037720172632,0.6388971165396793,0.2757636960420489,-0.3127805087256852
2021,193.27092638582005,3.221182106430334,0.6784620683371299,0.6149141913439636,121.22870387243735,0.2411896864903189,-7.204023917995444,0.4827551480637813,2000,199.6762907373007,215.11245702107948,0.6545942534168565,0.2679436925752574,-1.9499999999999962
2022,189.50214332129656,3.158369055354943,0.6838897648838269,0.6179141913439636,121.22870387243735,0.23515994432806092,-7.204023917995444,0.4827551480637813,2000,195.70799680156,209.97724057242834,0.6689149263936218,0.2569924232688696,-1.9499999999999962
2023,185.8068515265313,3.0967808587755217,0.6893608830028976,0.6209141913439636,121.22870387243735,0.22928094571985938,-7.204023917995444,0.4827551480637813,2000,192.68554330686624,204.97535024960604,0.6738011029942015,0.24846043189284145,-1.9499999999999962
2024,182.18361792176393,3.036393632029399,0.6948757700669207,0.6239141913439636,121.22870387243735,0.2235489220768629,-7.204023917995444,0.4827551480637813,2000,189.57564029121903,199.99836744178242,0.6839331870075855,0.23531070720821404,-1.9500000000000073
2025,178.63103737228954,2.9771839562048257,0.7004347762274561,0.6269141913439636,121.22870387243735,0.21796019902494132,-7.204023917995444,0.4827551480637813,2000,185.87891530554026,195.3905867667897,0.6894046525036461,0.2294279395280087,-1.9499999999999962
